userName,firstName,lastName,emailAddress,address,country,state,phoneNumber,passWord
Paula1,Paula,Ruiz,pruiz10@de.vu,0 Stone Corner Drive,United States,CA,5-(733)929-8978,Ruiz
Joyce,Joyce,Owens,jowens1o@icq.com,0017 Fordem Hill,United States,CA,6-(213)022-2309,Owens
Dorothy,Dorothy,Kennedy,dkennedy23@unblog.fr,01 Park Meadow Place,United States,TX,0-(605)308-6131,Kennedy
Gregory,Gregory,Elliott,gelliott2f@exblog.jp,01298 Raven Alley,Indonesia,,2-(826)961-5278,Elliott
Paul2,Paul,Willis,pwillis12@e-recht24.de,0177 Everett Junction,United States,DC,7-(560)524-0255,Willis
Andrea,Andrea,Clark,aclark2j@sphinn.com,02 Haas Park,United States,MI,1-(123)323-9494,Clark
John,John,Perry,jperry1d@xinhuanet.com,02184 2nd Way,United States,MD,3-(362)867-6688,Perry
Alan,Alan,Cruz,acruzj@marketwatch.com,023 Laurel Terrace,China,,1-(003)990-0308,Cruz
Judy,Judy,Hughes,jhughes25@4shared.com,03 Sullivan Circle,United States,DE,4-(702)002-3923,Hughes
Sharon1,Sharon,Murphy,smurphy1x@exblog.jp,030 Tomscot Trail,United States,NC,3-(392)774-3776,Murphy
Kathy,Kathy,Little,klittlec@slideshare.net,033 Victoria Circle,China,,9-(104)402-8499,Little
Frances,Frances,Sanders,fsanders2j@ow.ly,048 Mifflin Plaza,China,,5-(360)904-8808,Sanders
Christina,Christina,Johnston,cjohnston1m@nationalgeographic.com,05059 Fordem Lane,Gabon,,7-(543)809-5071,Johnston
Janet,Janet,Grant,jgrant2c@nbcnews.com,07 Schurz Circle,Philippines,,3-(757)166-1573,Grant
Frank1,Frank,Morris,fmorris15@goo.ne.jp,073 Moland Avenue,Greece,,3-(574)360-9298,Morris
Harold1,Harold,Cox,hcox23@dyndns.org,08 Butterfield Place,France,B5,6-(983)957-3202,Cox
Linda1,Linda,Moreno,lmoreno22@odnoklassniki.ru,09 Mesta Street,Indonesia,,6-(716)643-5063,Moreno
Sharon,Sharon,Hicks,shicks3@wsj.com,0974 Calypso Junction,Indonesia,,3-(868)311-6209,Hicks
Angela1,Angela,George,ageorgew@slashdot.org,1 Corben Street,United States,MD,5-(864)699-8310,George
Debra,Debra,Porter,dporter1x@sakura.ne.jp,1 Haas Street,Indonesia,,8-(747)340-6398,Porter
Gary,Gary,Reynolds,greynoldsz@state.gov,1 Prairieview Center,United States,WA,5-(337)284-9527,Reynolds
Anna,Anna,Cunningham,acunningham2@yale.edu,1 Steensland Lane,China,,7-(769)474-5961,Cunningham
Eric,Eric,Little,elittle18@cdc.gov,1008 6th Street,United States,FL,9-(855)524-1969,Little
Dennis,Dennis,Bishop,dbishopo@xinhuanet.com,11442 East Circle,Armenia,,4-(871)489-3543,Bishop
Angela2,Angela,Murray,amurray1f@elegantthemes.com,11496 Bobwhite Junction,United States,VA,7-(311)742-6306,Murray
Henry,Henry,Warren,hwarren19@apache.org,12 Kennedy Plaza,Philippines,,4-(180)111-6593,Warren
Angela,Angela,Coleman,acoleman6@gmpg.org,1208 Menomonie Terrace,Russia,,9-(959)063-5551,Coleman
Ruby1,Ruby,Morgan,rmorgan1n@narod.ru,13 Arapahoe Drive,France,B2,4-(056)808-7190,Morgan
Jonathan,Jonathan,Lewis,jlewis4@tuttocitta.it,1771 Cascade Place,Mauritania,,2-(107)787-5478,Lewis
Joseph,Joseph,Tucker,jtucker15@disqus.com,17922 Quincy Pass,United States,CA,0-(990)513-0451,Tucker
Jerry1,Jerry,Russell,jrussellh@mtv.com,18 Redwing Center,Indonesia,,7-(835)874-3804,Russell
Timothy,Timothy,Watson,twatson1k@shinystat.com,184 Lukken Hill,United States,NE,1-(046)935-7571,Watson
Marilyn,Marilyn,Perez,mperez1g@epa.gov,191 East Lane,United States,TN,2-(678)829-2820,Perez
Louis1,Louis,Webb,lwebb2e@blogspot.com,1958 Granby Avenue,Indonesia,,0-(713)613-4968,Webb
Russell1,Russell,Morris,rmorrist@yahoo.com,2 Dryden Street,United States,CA,8-(312)542-5335,Morris
Judith,Judith,Young,jyoung11@goodreads.com,2 Sachtjen Parkway,United States,WV,9-(659)879-6466,Young
Judith2,Judith,Young,jyoung11@goodreads.com,2 Sachtjen Parkway,United States,WV,9-(659)879-6466,
Keith1,Keith,Bradley,kbradley1c@techcrunch.com,21 Sauthoff Point,United States,OH,5-(780)609-5353,Bradley
Justin,Justin,Chapman,jchapmans@aol.com,2127 David Lane,United States,WV,1-(910)152-0295,Chapman
Frank,Frank,Martin,fmartin1a@ed.gov,21822 Talisman Drive,United States,TX,1-(296)887-1815,Martin
Debra1,Debra,Wallace,dwallacer@nps.gov,23 Ohio Terrace,United States,CT,0-(483)351-8933,Wallace
asdfg,William,Hamilton,whamilton2a@biglobe.ne.jp,23 Ronald Regan Drive,United States,MO,7-(178)515-6650,Hamilton
Carolyn,Carolyn,Bishop,cbishopw@1688.com,23273 Emmet Road,Ukraine,,5-(795)729-5690,Bishop
Steve,Steve,Fowler,sfowler2f@ed.gov,243 Ohio Plaza,United States,AL,8-(435)340-9290,Fowler
Patrick,Patrick,Ryan,pryanq@bing.com,2456 Randy Junction,Portugal,13,7-(908)548-4462,Ryan
Raymond,Raymond,Grant,rgrant11@amazonaws.com,248 Scott Trail,China,,0-(001)715-0415,Grant
Cynthia1,Cynthia,Rivera,crivera1i@dagondesign.com,257 Raven Street,Central African Republic,,2-(285)744-2177,Rivera
Kelly1,Kelly,Stone,kstonei@cdc.gov,26 Kropf Way,United States,NY,8-(139)634-6415,Stone
Barbara1,Barbara,Stephens,bstephens1f@yellowbook.com,27 Fulton Plaza,Cuba,,5-(765)751-8667,Stephens
Joe,Joe,Burns,jburns18@mail.ru,2795 Lighthouse Bay Place,Russia,,3-(465)132-7455,Burns
Roy,Roy,Adams,radams1v@xinhuanet.com,2872 Marquette Street,United States,NY,1-(235)314-9823,Adams
Ernest,Ernest,Hamilton,ehamilton0@51.la,3 Bay Park,Poland,,1-(402)667-5979,Hamilton
Shawn1,Shawn,Sanchez,ssanchezy@utexas.edu,3 Butternut Point,Colombia,,6-(314)041-2239,Sanchez
Paul1,Paul,Carter,pcarter1z@cnet.com,3 Green Plaza,United States,CA,3-(854)158-1783,Carter
Roger,Roger,Alvarez,ralvarezk@blogs.com,3 Green Plaza,United States,FL,6-(980)036-6105,Alvarez
Nicholas,Nicholas,King,nking2r@businessweek.com,3 Gulseth Drive,Philippines,,4-(647)544-4105,King
Tammy1,Tammy,Carter,tcarter1j@washington.edu,3 Leroy Crossing,United States,TN,7-(489)865-7002,Carter
Frank2,Frank,Ramirez,framirez2k@goodreads.com,3 Rowland Parkway,United States,NC,0-(669)037-4790,Ramirez
Katherine,Katherine,Knight,kknight1p@walmart.com,3 Surrey Circle,United States,LA,6-(906)910-4569,Knight
Sarah,Sarah,Rose,srose1@japanpost.jp,3147 3rd Place,United States,CA,9-(625)374-4080,Rose
Martin2,Martin,Larson,mlarson24@tripadvisor.com,32 Surrey Road,United States,NC,8-(568)965-0021,Larson
Rose,Rose,Gilbert,rgilbert1c@java.com,32441 Oriole Junction,Indonesia,,9-(771)659-3359,Gilbert
Paul,Paul,Carpenter,pcarpenter28@dropbox.com,33614 Cambridge Road,Philippines,,3-(561)990-7094,Carpenter
Kathryn1,Kathryn,Mcdonald,kmcdonald5@mit.edu,3486 Vidon Street,Indonesia,,3-(381)326-4723,Mcdonald
Betty,Betty,Anderson,banderson14@digg.com,3538 Scofield Drive,United States,TX,1-(291)830-0405,Anderson
Dorothy1,Dorothy,Tucker,dtucker14@ehow.com,3593 Atwood Circle,France,B5,9-(243)144-3879,Tucker
Ruby,Ruby,Lewis,rlewisv@answers.com,37 Saint Paul Place,United States,IA,1-(585)331-1972,Lewis
Frank3,Frank,Rogers,frogers1w@statcounter.com,37717 Rutledge Park,United States,PA,8-(685)173-5668,Rogers
Brian,Brian,Wagner,bwagner13@quantcast.com,3833 Pierstorff Point,United States,MD,5-(595)231-2208,Wagner
Paula2,Paula,Wheeler,pwheeler1s@mac.com,39639 Leroy Avenue,United States,OH,4-(874)769-0414,Wheeler
Brandon,Brandon,Miller,bmiller1u@prweb.com,3992 Sugar Circle,Indonesia,,6-(106)294-1370,Miller
Steven,Steven,Gray,sgray17@over-blog.com,4 5th Street,Sweden,AB,8-(004)861-6730,Gray
Anne1,Anne,Harvey,aharvey2g@sfgate.com,4 American Place,China,,9-(535)847-7555,Harvey
Tina1,Tina,Welch,twelch1u@yahoo.co.jp,4 Bashford Terrace,United States,MN,1-(518)288-4237,Welch
Martin,Martin,Adams,madams2b@msu.edu,4 Mandrake Plaza,China,,9-(401)660-9813,Adams
Bonnie,Bonnie,Clark,bclark6@bing.com,4 Porter Avenue,United States,CO,9-(524)812-6248,Clark
Ryan,Ryan,Johnston,rjohnston1s@ucla.edu,4 Sunfield Avenue,Russia,,3-(807)624-4323,Johnston
Adam,Adam,Watkins,awatkinst@timesonline.co.uk,4 Susan Street,Egypt,,7-(977)440-3683,Watkins
Martha1,Martha,Moreno,mmoreno1a@skyrock.com,41 Ridgeview Pass,China,,8-(179)386-6387,Moreno
Michael,Michael,Harris,mharris2g@printfriendly.com,43 Veith Parkway,United States,CT,2-(345)753-2214,Harris
Kathryn,Kathryn,Jackson,kjackson3@wikia.com,43603 Northwestern Plaza,United States,MS,9-(266)577-1031,Jackson
Janet3,Janet,Wood,jwood1k@goodreads.com,445 Harper Parkway,Ireland,,0-(943)656-4847,Wood
Christopher,Christopher,Armstrong,carmstrong2p@cyberchimps.com,4514 Independence Point,United States,TX,3-(411)160-3757,Armstrong
Patricia4,Patricia,Riley,prileyd@topsy.com,459 3rd Avenue,United States,GA,8-(662)260-9720,Riley
Phyllis,Phyllis,Reid,preids@amazon.co.uk,46 Rusk Parkway,Peru,,8-(695)108-5308,Reid
Kimberly,Kimberly,Freeman,kfreemank@cmu.edu,46613 Buena Vista Pass,Australia,NSW,0-(289)984-9766,Freeman
Raymond1,Raymond,Ward,rwardm@nationalgeographic.com,47656 Old Shore Street,United States,NC,3-(715)261-7860,Ward
Sean1,Sean,Nichols,snichols1d@alexa.com,48 Garrison Court,Indonesia,,9-(909)775-6033,Nichols
Janet1,Janet,Mason,jmason1m@pbs.org,48485 Springs Lane,United States,WA,0-(404)244-1973,Mason
Patricia3,Patricia,Dixon,pdixon2m@biglobe.ne.jp,49 Moose Way,United States,DC,1-(159)384-4102,Dixon
Shirley,Shirley,Coleman,scoleman26@bizjournals.com,4903 Commercial Drive,United States,AL,7-(798)598-1459,Coleman
Jerry,Jerry,Bowman,jbowman1j@fotki.com,49381 Northridge Point,Indonesia,,9-(389)678-8585,Bowman
Fred,Fred,Snyder,fsnyder2n@samsung.com,5 8th Drive,United States,CA,4-(204)127-6115,Snyder
Phillip,Phillip,Daniels,pdaniels1y@hexun.com,5 Blue Bill Park Trail,Kazakhstan,,4-(029)713-9304,Daniels
Kevin,Kevin,Johnson,kjohnson2h@unesco.org,5 Haas Circle,Poland,,8-(553)359-6387,Johnson
Marie,Marie,Jordan,mjordan1n@weather.com,5 Moulton Avenue,United States,GA,9-(380)848-6527,Jordan
Janet2,Janet,Rogers,jrogers1o@ft.com,5 Muir Terrace,Argentina,,5-(740)110-8659,Rogers
Joyce1,Joyce,Stephens,jstephens20@zimbio.com,5 Toban Drive,United States,MO,9-(961)593-9442,Stephens
Christopher2,Christopher,Hanson,chansonp@ftc.gov,50 Claremont Crossing,Indonesia,,5-(759)595-6039,Hanson
Charles,Charles,Webb,cwebb2l@twitter.com,5012 Eggendart Pass,Latvia,,2-(444)641-6850,Webb
Carolyn1,Carolyn,Hanson,chanson1r@netlog.com,5066 Dottie Junction,United States,NY,8-(597)931-5162,Hanson
Paula,Paula,Berry,pberry1z@admin.ch,5095 International Drive,China,,6-(195)796-7745,Berry
Katherine1,Katherine,Reid,kreid2@reverbnation.com,51 Stang Crossing,United States,CA,1-(816)180-4329,Reid
David,David,Bell,dbell2l@wp.com,5205 Vera Junction,United States,CA,8-(035)412-4547,Bell
Cynthia,Cynthia,Dixon,cdixon1e@vimeo.com,52645 Dorton Pass,China,,6-(422)372-7084,Dixon
Shawn,Shawn,Morgan,smorgany@a8.net,5351 Blaine Street,United States,UT,9-(614)327-3110,Morgan
Ernest1,Ernest,Morris,emorris17@linkedin.com,538 Lawn Hill,United States,NY,0-(722)159-2263,Morris
Victor,Victor,Wright,vwright7@baidu.com,542 Mandrake Center,Ukraine,,0-(279)357-3386,Wright
Joan,Joan,Wright,jwright1q@phoca.cz,55 Dawn Parkway,Moldova,,7-(830)749-3794,Wright
Julia,Julia,Miller,jmiller2d@zdnet.com,551 Bartelt Crossing,Argentina,,0-(666)185-0852,Miller
Rose1,Rose,Welch,rwelchu@gnu.org,56176 Burning Wood Lane,Serbia,,9-(271)628-1625,Welch
Craig,Craig,Fox,cfox1v@sakura.ne.jp,576 Novick Alley,Philippines,,3-(453)987-1524,Fox
Linda,Linda,George,lgeorge27@mtv.com,5793 Northport Center,United States,MI,7-(899)692-4554,George
Jose,Jose,Wood,jwoodn@mtv.com,59447 Ludington Parkway,United States,NY,3-(322)044-6672,Wood
Alice,Alice,Pierce,apierce2r@umich.edu,6 Corben Trail,United States,MI,0-(467)177-3734,Pierce
Mark,Mark,Ferguson,mferguson2m@columbia.edu,6 Fisk Drive,Poland,,7-(920)445-0162,Ferguson
Anne,Anne,Alvarez,aalvarez1y@mlb.com,6 Glendale Parkway,United States,FL,7-(967)349-7237,Alvarez
Lisa,Lisa,Meyer,lmeyer2k@ycombinator.com,6 Mallory Circle,Tuvalu,,6-(321)779-8895,Meyer
Barbara,Barbara,Hayes,bhayes2q@jiathis.com,6 Scofield Circle,United States,TX,0-(173)195-7190,Hayes
Christopher1,Christopher,Campbell,ccampbell2i@amazon.de,6 Walton Court,Russia,,5-(275)117-4811,Campbell
Richard,Richard,Howard,rhoward1i@theatlantic.com,6 Welch Pass,United States,CA,5-(673)015-8549,Howard
Shawn2,Shawn,Williams,swilliamsc@joomla.org,60 Sugar Plaza,United States,MI,4-(867)695-7864,Williams
Tina,Tina,Murray,tmurray8@admin.ch,63 Arapahoe Avenue,Brazil,,7-(922)695-1373,Murray
Matthew,Matthew,Ford,mfordi@ucoz.com,63 East Place,Syria,,5-(508)161-9676,Ford
Angela3,Angela,Torres,atorres8@uol.com.br,63232 Columbus Place,United States,MA,1-(439)654-3373,Torres
Thomas,Thomas,Davis,tdavis1h@globo.com,6332 Fuller Pass,United States,TX,5-(778)054-9695,Davis
Martha,Martha,Garza,mgarza29@fastcompany.com,64 Farwell Circle,Philippines,,9-(455)359-2298,Garza
David1,David,Elliott,delliottn@wsj.com,6478 Doe Crossing Court,Russia,,4-(687)980-5138,Elliott
Carol,Carol,Shaw,cshaw2e@marriott.com,650 Grover Alley,United States,GA,6-(867)939-2196,Shaw
Pamela,Pamela,Carpenter,pcarpenterj@china.com.cn,661 Karstens Road,United States,HI,6-(268)816-2465,Carpenter
Sean,Sean,King,skingl@geocities.jp,6611 Spaight Street,Indonesia,,5-(463)415-7449,King
Roy2,Roy,Tucker,rtuckerg@example.com,6707 Maple Parkway,United States,OH,3-(093)128-8690,Tucker
Harold2,Harold,Williams,hwilliamsm@dion.ne.jp,6728 Colorado Street,Russia,,5-(250)547-3562,Williams
Rebecca,Rebecca,Perez,rperezo@sbwire.com,67390 Manitowish Pass,United States,TX,7-(406)875-9890,Perez
Nicole1,Nicole,Reyes,nreyes5@exblog.jp,67524 Nobel Way,United States,AZ,7-(420)898-9688,Reyes
Ronald1,Ronald,Moreno,rmorenoa@wp.com,6832 Dakota Drive,Indonesia,,1-(452)732-4207,Moreno
Kimberly1,Kimberly,King,kking1r@naver.com,7 Northfield Avenue,Nigeria,,4-(192)264-2329,King
Stephanie,Stephanie,Harrison,sharrison21@devhub.com,709 Pepper Wood Avenue,Poland,,1-(280)302-4944,Harrison
Jonathan1,Jonathan,Morales,jmorales19@ed.gov,715 Muir Pass,United States,TX,7-(721)881-1745,Morales
Johnny,Johnny,Freeman,jfreeman1g@aboutads.info,719 Trailsway Street,China,,6-(658)139-7764,Freeman
Anne1,Anne,Moreno,amorenox@imgur.com,72 Autumn Leaf Drive,China,,7-(297)043-6194,Moreno
Annie,Annie,Hansen,ahansen7@furl.net,728 Fisk Plaza,United States,MD,3-(527)508-7158,Hansen
Tammy,Tammy,Burke,tburke2a@theglobeandmail.com,7298 Bluejay Road,Russia,,8-(710)063-1619,Burke
Martin1,Martin,Henderson,mhenderson16@wsj.com,7306 Buhler Plaza,United States,TX,6-(058)886-9240,Henderson
Steven1,Steven,Jenkins,sjenkins1e@a8.net,7396 Canary Center,United States,CA,3-(613)563-6513,Jenkins
Heather,Heather,Hernandez,hhernandezr@hostgator.com,74 Clove Drive,Indonesia,,5-(593)151-3362,Hernandez
Nicholas1,Nicholas,Watkins,nwatkins1b@va.gov,74962 Steensland Avenue,China,,1-(946)323-6647,Watkins
Ronald,Ronald,Howell,rhowell13@soup.io,75904 Hoffman Way,Japan,,3-(124)276-4530,Howell
Michelle,Michelle,Nguyen,mnguyen9@home.pl,76 Vidon Crossing,United States,LA,3-(168)110-6625,Nguyen
Lori,Lori,Fields,lfieldsq@smh.com.au,76485 Roth Alley,United States,WA,2-(229)182-4243,Fields
Harold,Harold,Black,hblack2p@clickbank.net,7715 Havey Center,Indonesia,,0-(378)142-3343,Black
Judith1,Judith,Murray,jmurray12@weather.com,772 Eagle Crest Court,China,,5-(447)261-8375,Murray
Scott,Scott,Rose,srose2o@chron.com,7741 Dennis Crossing,United States,IA,2-(957)474-8286,Rose
Christine,Christine,Rodriguez,crodriguez1l@amazonaws.com,78026 Everett Center,Mauritius,,8-(868)081-1984,Rodriguez
Emily,Emily,Hayes,ehayes1h@ox.ac.uk,784 Susan Street,Indonesia,,8-(944)943-0482,Hayes
Roy1,Roy,Martin,rmarting@delicious.com,789 Scoville Plaza,Bolivia,,8-(330)043-5619,Martin
James1,James,Simmons,jsimmons22@mysql.com,79 Hansons Circle,United States,VA,4-(084)741-2810,Simmons
Jacqueline,Jacqueline,Gomez,jgomeze@miitbeian.gov.cn,794 Armistice Crossing,France,A7,9-(345)143-4371,Gomez
Jessica,Jessica,Campbell,jcampbell2i@cpanel.net,7963 Ohio Alley,United States,OR,0-(150)386-2177,Campbell
Jane,Jane,Hansen,jhansen0@xrea.com,8 Beilfuss Place,United States,SC,8-(468)743-8087,Hansen
Donald,Donald,Bryant,dbryant1@cdbaby.com,8 Crescent Oaks Circle,South Korea,,5-(629)251-0019,Bryant
Norma,Norma,Ray,nray1l@columbia.edu,8 Crescent Oaks Terrace,United States,CA,3-(007)729-3299,Ray
Joe1,Joe,Dean,jdeanp@vinaora.com,8 Darwin Crossing,United States,AZ,9-(625)975-9705,Dean
Lois,Lois,Montgomery,lmontgomeryf@nba.com,8 Farwell Center,United States,NC,8-(375)554-1933,Montgomery
Thomas1,Thomas,Fisher,tfisher26@sina.com.cn,8 Haas Avenue,Uzbekistan,,1-(842)637-0935,Fisher
Antonio,Antonio,Gordon,agordon28@weather.com,8 Maywood Parkway,United States,CA,5-(724)135-8826,Gordon
Benjamin,Benjamin,Snyder,bsnyderv@cafepress.com,8 Steensland Point,Poland,,3-(961)447-1196,Snyder
Henry1,Henry,Washington,hwashington2q@mail.ru,80 Autumn Leaf Street,Indonesia,,6-(962)303-1876,Washington
Louis,Louis,Lee,lleeh@yellowbook.com,80 Boyd Court,United States,NJ,3-(100)131-3147,Lee
Laura,Laura,Anderson,landerson24@icio.us,805 Paget Court,United States,NY,3-(587)240-6409,Anderson
James,James,Ellis,jellisa@wordpress.com,8108 Upham Avenue,United States,CA,9-(104)768-0365,Ellis
Lois1,Lois,Pierce,lpierce2n@spotify.com,819 Holy Cross Drive,Argentina,,4-(370)593-0211,Pierce
Evelyn,Evelyn,Kelly,ekelly2h@facebook.com,82091 Leroy Center,United States,KY,5-(319)309-1959,Kelly
Todd,Todd,Dixon,tdixon2o@ed.gov,82172 Lukken Alley,China,,0-(290)722-9657,Dixon
Ann,Ann,Alvarez,aalvarez20@jalbum.net,851 Nelson Circle,Afghanistan,,7-(418)731-2327,Alvarez
Lori1,Lori,Hicks,lhicks9@wordpress.org,854 Lakewood Gardens Court,China,,9-(849)992-9828,Hicks
Ashley,Ashley,Reid,areid1p@taobao.com,88 Village Green Center,United States,OH,0-(960)491-5644,Reid
Clarence,Clarence,Fowler,cfowler1t@unicef.org,890 Nevada Road,United States,CT,5-(922)750-2234,Fowler
Rebecca1,Rebecca,Turner,rturner27@google.co.uk,89156 Atwood Junction,China,,4-(853)728-1963,Turner
Kelly,Kelly,Rodriguez,krodriguez25@china.com.cn,9 Beilfuss Plaza,Dominican Republic,,7-(441)055-8273,Rodriguez
Sara,Sara,Dean,sdean1t@unc.edu,9 South Crossing,Mexico,GUA,7-(206)725-7117,Dean
Kenneth,Kenneth,Walker,kwalker29@aboutads.info,9 Superior Crossing,United States,WA,0-(953)489-2738,Walker
Alan1,Alan,Owens,aowens16@domainmarket.com,9 Tomscot Place,Zimbabwe,,3-(534)603-4932,Owens
Randy,Randy,Martinez,rmartinez1q@adobe.com,9031 Clove Court,United States,KS,6-(835)245-0202,Martinez
Russell,Russell,Ferguson,rferguson1b@uol.com.br,9143 Hudson Terrace,United States,OH,7-(498)208-8970,Ferguson
Carl,Carl,Garza,cgarzal@friendfeed.com,92 Scott Court,United States,DC,2-(818)774-1651,Garza
Sharon2,Sharon,Perry,sperryd@barnesandnoble.com,9202 Clemons Avenue,China,,3-(895)126-1278,Perry
Jessica1,Jessica,Richards,jrichards21@issuu.com,924 John Wall Trail,United States,ME,8-(061)711-6311,Richards
Patricia5,Patricia,Sanders,psandersb@squarespace.com,9349 Morning Center,United States,MO,1-(201)273-2884,Sanders
Ann1,Ann,Mcdonald,amcdonaldu@drupal.org,94 Columbus Crossing,United States,IN,2-(019)467-7792,Mcdonald
Pamela2,Pamela,Miller,pmiller2b@t-online.de,951 High Crossing Alley,United States,TX,1-(377)914-2151,Miller
Margaret,Margaret,Chapman,mchapmanb@hud.gov,953 Reindahl Parkway,Canada,,1-(010)495-9996,Chapman
Marie1,Marie,Sanders,msandersz@jiathis.com,956 Texas Terrace,Indonesia,,6-(897)485-7971,Sanders
Robin,Robin,Daniels,rdaniels2d@weebly.com,9728 Paget Court,United States,AR,7-(116)447-5902,Daniels
Pamela1,Pamela,Kelley,pkelley2c@hibu.com,97636 5th Pass,United States,KS,0-(546)670-0937,Kelley
Amy,Amy,Hunter,ahuntere@intel.com,9781 Kennedy Avenue,United States,WV,0-(992)102-4834,Hunter
Samuel,Samuel,Brooks,sbrooks4@google.co.uk,9857 Hollow Ridge Park,United States,PA,5-(517)250-0437,Brooks
Nicole,Nicole,Hayes,nhayes10@qq.com,98830 Schlimgen Park,China,,7-(755)477-0983,Hayes
Kimberly2,Kimberly,Wright,kwrightf@tinyurl.com,9893 Summit Plaza,Brazil,,3-(288)433-6668,Wright
Ernest2,Ernest,Pierce,epierce1w@flavors.me,99 Warner Drive,France,B2,7-(918)938-0007,Pierce
Billy,Billy,Hernandez,bhernandezx@sphinn.com,994 Kennedy Street,United States,PA,2-(728)757-6883,Hernandez
